order_id,customer_id,product_name,category,quantity,price,total_amount,payment_type,order_date
1,72,Phone,Electronics,3,2206,6618,UPI,2024-04-24
2,16,Bat,Sports,5,3656,18280,UPI,2024-01-17
3,102,Shirt,Clothing,5,417,2085,Cash,2024-10-14
4,82,Jeans,Clothing,5,2478,12390,Cash,2024-01-04
5,53,Chair,Home,2,1963,3926,UPI,2024-06-21
6,136,Novel,Books,3,3017,9051,UPI,2024-11-05
7,283,Magazine,Books,1,3300,3300,Debit Card,2024-02-10
8,36,Ball,Sports,5,1775,8875,UPI,2024-12-26
9,195,Jeans,Clothing,1,2107,2107,Debit Card,2024-02-21
10,182,Magazine,Books,3,1532,4596,Credit Card,2024-07-08
11,126,Lamp,Home,1,1601,1601,Credit Card,2024-09-30
12,167,Comics,Books,3,4762,14286,UPI,2024-04-22
13,34,Shirt,Clothing,3,3486,10458,Credit Card,2024-05-17
14,256,Shoes,Sports,3,1941,5823,Cash,2024-12-01
15,288,Novel,Books,3,1343,4029,Debit Card,2024-05-06
16,113,Ball,Sports,5,3471,17355,Credit Card,2024-07-04
17,79,Ball,Sports,1,585,585,Credit Card,2024-02-26
18,240,Magazine,Books,1,3352,3352,Debit Card,2024-07-14
19,175,Bat,Sports,1,4598,4598,UPI,2024-05-16
20,135,Chair,Home,2,3916,7832,Credit Card,2024-01-02
21,102,Bat,Sports,3,4358,13074,Credit Card,2024-11-07
22,166,Mixer,Home,5,4544,22720,Cash,2024-01-01
23,30,Phone,Electronics,3,2719,8157,Credit Card,2024-05-02
24,273,Bat,Sports,1,4181,4181,Credit Card,2024-02-05
25,136,Jacket,Clothing,4,4703,18812,Cash,2024-03-25
26,192,Jacket,Clothing,2,2753,5506,Cash,2024-07-23
27,33,Ball,Sports,1,2230,2230,Debit Card,2024-04-25
28,113,Headphones,Electronics,5,2085,10425,UPI,2024-10-28
29,17,Headphones,Electronics,1,2075,2075,Debit Card,2024-02-04
30,249,Headphones,Electronics,2,2481,4962,Credit Card,2024-12-08
31,125,Bat,Sports,5,4920,24600,Cash,2024-08-30
32,221,Novel,Books,1,994,994,Debit Card,2024-12-03
33,51,Comics,Books,4,643,2572,UPI,2024-12-10
34,99,Magazine,Books,3,1095,3285,Credit Card,2024-05-07
35,143,Ball,Sports,2,3656,7312,Cash,2024-04-03
36,26,Shirt,Clothing,4,4708,18832,UPI,2024-02-20
37,247,Phone,Electronics,2,3529,7058,Credit Card,2024-09-05
38,200,Novel,Books,2,3304,6608,Debit Card,2024-01-02
39,250,Comics,Books,4,4752,19008,Credit Card,2024-12-04
40,278,Jeans,Clothing,2,679,1358,UPI,2024-10-23
41,258,Mixer,Home,1,4985,4985,Credit Card,2024-09-01
42,35,Headphones,Electronics,1,1722,1722,Credit Card,2024-02-05
43,21,Novel,Books,5,2216,11080,UPI,2024-10-23
44,162,Magazine,Books,5,4830,24150,Debit Card,2024-09-24
45,203,Jacket,Clothing,3,2155,6465,Credit Card,2024-05-15
46,235,Chair,Home,3,794,2382,UPI,2024-01-05
47,68,Headphones,Electronics,2,4344,8688,Debit Card,2024-05-15
48,225,Phone,Electronics,3,2534,7602,Debit Card,2024-03-21
49,284,Shoes,Sports,5,264,1320,Debit Card,2024-12-07
50,284,Phone,Electronics,3,1145,3435,Credit Card,2024-02-24
51,105,Chair,Home,5,1925,9625,Debit Card,2024-06-24
52,217,Ball,Sports,3,616,1848,Debit Card,2024-02-17
53,135,Phone,Electronics,3,1271,3813,Credit Card,2024-11-22
54,58,Magazine,Books,4,4794,19176,UPI,2024-01-05
55,283,Jacket,Clothing,1,3224,3224,Credit Card,2024-10-25
56,21,Novel,Books,1,2725,2725,Debit Card,2024-07-05
57,287,Jacket,Clothing,2,1042,2084,Cash,2024-06-30
58,91,Shoes,Sports,2,2139,4278,Cash,2024-03-24
59,128,Phone,Electronics,3,3572,10716,Debit Card,2024-12-08
60,241,Jacket,Clothing,1,3333,3333,Credit Card,2024-01-20
61,115,Jeans,Clothing,3,2700,8100,UPI,2024-04-26
62,143,Jeans,Clothing,3,2482,7446,Debit Card,2024-02-05
63,60,Ball,Sports,5,2912,14560,Debit Card,2024-01-15
64,223,Jacket,Clothing,3,513,1539,Debit Card,2024-02-25
65,198,Chair,Home,5,4389,21945,Credit Card,2024-02-29
66,276,Mixer,Home,4,213,852,Credit Card,2024-09-23
67,161,Chair,Home,1,2904,2904,UPI,2024-11-15
68,207,Lamp,Home,3,3545,10635,Debit Card,2024-06-16
69,195,Bat,Sports,2,3644,7288,Credit Card,2024-12-06
70,1,Shoes,Sports,3,3526,10578,Debit Card,2024-10-07
71,165,Mixer,Home,4,4951,19804,Cash,2024-11-06
72,87,Comics,Books,2,4387,8774,UPI,2024-08-30
73,121,Lamp,Home,5,2945,14725,Debit Card,2024-02-17
74,126,Shirt,Clothing,2,400,800,Cash,2024-01-24
75,295,Bat,Sports,4,3595,14380,Credit Card,2024-11-18
76,3,Comics,Books,4,2198,8792,UPI,2024-03-16
77,26,Novel,Books,2,4443,8886,Credit Card,2024-08-25
78,272,Laptop,Electronics,2,4006,8012,Debit Card,2024-12-07
79,229,Magazine,Books,5,3695,18475,Credit Card,2024-10-07
80,142,Comics,Books,3,2225,6675,Cash,2024-11-22
81,147,Jeans,Clothing,4,834,3336,Credit Card,2024-12-31
82,71,Chair,Home,3,4624,13872,Credit Card,2024-02-11
83,213,Jeans,Clothing,2,1952,3904,Cash,2024-02-02
84,106,Lamp,Home,4,3606,14424,Cash,2024-02-01
85,245,Magazine,Books,1,4916,4916,UPI,2024-07-13
86,280,Chair,Home,4,3632,14528,Credit Card,2024-10-02
87,15,Novel,Books,3,3770,11310,Cash,2024-09-05
88,66,Lamp,Home,4,1552,6208,UPI,2024-08-27
89,220,Magazine,Books,5,422,2110,Credit Card,2024-02-12
90,168,Novel,Books,1,2331,2331,Credit Card,2024-07-13
91,216,Comics,Books,3,3305,9915,Debit Card,2024-05-22
92,180,Laptop,Electronics,1,4618,4618,Credit Card,2024-01-27
93,103,Headphones,Electronics,1,454,454,UPI,2024-05-06
94,59,Bat,Sports,2,1234,2468,Credit Card,2024-08-30
95,59,Magazine,Books,3,3221,9663,Credit Card,2024-03-26
96,295,Mixer,Home,5,410,2050,Cash,2024-06-08
97,125,Magazine,Books,2,822,1644,UPI,2024-10-30
98,22,Lamp,Home,5,1191,5955,Debit Card,2024-10-16
99,175,Ball,Sports,3,764,2292,UPI,2024-09-16
100,236,Comics,Books,1,3751,3751,Credit Card,2024-07-04
101,276,Novel,Books,5,2412,12060,Cash,2024-11-11
102,126,Comics,Books,5,2398,11990,UPI,2024-06-14
103,195,Chair,Home,2,4006,8012,Debit Card,2024-10-18
104,109,Laptop,Electronics,3,1689,5067,Debit Card,2024-09-06
105,6,Chair,Home,3,2463,7389,Credit Card,2024-10-11
106,124,Phone,Electronics,4,4202,16808,Cash,2024-10-11
107,114,Comics,Books,1,962,962,Cash,2024-05-30
108,284,Jeans,Clothing,5,3223,16115,Debit Card,2024-08-30
109,233,Magazine,Books,5,2909,14545,Debit Card,2024-06-29
110,162,Chair,Home,2,1188,2376,UPI,2024-04-08
111,248,Shoes,Sports,2,1769,3538,Debit Card,2024-04-20
112,100,Shoes,Sports,5,2518,12590,Debit Card,2024-02-21
113,274,Jeans,Clothing,2,2676,5352,Credit Card,2024-01-08
114,65,Mixer,Home,1,4733,4733,Cash,2024-05-29
115,246,Phone,Electronics,5,2529,12645,Cash,2024-08-28
116,59,Mixer,Home,1,2268,2268,UPI,2024-09-01
117,28,Comics,Books,1,4926,4926,Credit Card,2024-11-18
118,61,Jacket,Clothing,3,897,2691,Cash,2024-05-07
119,195,Shoes,Sports,5,2048,10240,Cash,2024-09-24
120,292,Comics,Books,5,3712,18560,UPI,2024-06-05
121,109,Shoes,Sports,1,1902,1902,Debit Card,2024-11-16
122,39,Phone,Electronics,2,1623,3246,Credit Card,2024-10-09
123,17,Laptop,Electronics,4,4049,16196,Credit Card,2024-05-29
124,120,Lamp,Home,3,3919,11757,Debit Card,2024-02-06
125,279,Shoes,Sports,2,3682,7364,Credit Card,2024-02-28
126,85,Jeans,Clothing,2,784,1568,Debit Card,2024-01-31
127,64,Shoes,Sports,5,2564,12820,Cash,2024-08-12
128,277,Lamp,Home,4,2430,9720,Cash,2024-09-13
129,166,Novel,Books,5,526,2630,Debit Card,2024-08-09
130,11,Phone,Electronics,2,4912,9824,Debit Card,2024-10-27
131,227,Bat,Sports,2,4054,8108,Debit Card,2024-09-22
132,241,Jacket,Clothing,4,4228,16912,Debit Card,2024-02-16
133,169,Comics,Books,3,1056,3168,Cash,2024-03-23
134,233,Comics,Books,4,4706,18824,UPI,2024-01-19
135,264,Chair,Home,3,1149,3447,UPI,2024-07-25
136,266,Ball,Sports,4,644,2576,Debit Card,2024-04-06
137,137,Ball,Sports,4,622,2488,Credit Card,2024-04-14
138,123,Chair,Home,4,1194,4776,Credit Card,2024-01-15
139,48,Lamp,Home,1,4724,4724,Credit Card,2024-07-27
140,150,Laptop,Electronics,1,1461,1461,Debit Card,2024-09-12
141,283,Comics,Books,4,2196,8784,Credit Card,2024-08-21
142,36,Novel,Books,5,4363,21815,Debit Card,2024-03-10
143,145,Comics,Books,5,2388,11940,Debit Card,2024-01-02
144,276,Shoes,Sports,4,1417,5668,Cash,2024-08-16
145,234,Chair,Home,5,4651,23255,Debit Card,2024-07-12
146,120,Jacket,Clothing,2,4884,9768,Cash,2024-07-15
147,78,Laptop,Electronics,4,3323,13292,Cash,2024-07-16
148,226,Phone,Electronics,5,2919,14595,UPI,2024-02-21
149,80,Ball,Sports,1,1380,1380,UPI,2024-07-28
150,42,Comics,Books,3,3456,10368,Debit Card,2024-11-28
151,19,Ball,Sports,3,4197,12591,UPI,2024-10-04
152,223,Jacket,Clothing,3,2063,6189,UPI,2024-02-16
153,24,Laptop,Electronics,2,2653,5306,Debit Card,2024-01-15
154,75,Laptop,Electronics,3,3270,9810,Credit Card,2024-08-08
155,90,Ball,Sports,5,1675,8375,UPI,2024-03-28
156,299,Ball,Sports,5,2172,10860,Credit Card,2024-09-11
157,5,Jeans,Clothing,3,3964,11892,Cash,2024-05-10
158,227,Lamp,Home,5,1494,7470,Debit Card,2024-02-07
159,155,Ball,Sports,4,2248,8992,Credit Card,2024-08-21
160,293,Comics,Books,1,2143,2143,Debit Card,2024-07-14
161,203,Ball,Sports,3,379,1137,Debit Card,2024-12-03
162,118,Headphones,Electronics,1,4269,4269,Debit Card,2024-05-26
163,71,Jacket,Clothing,2,2253,4506,UPI,2024-12-13
164,187,Laptop,Electronics,4,473,1892,Credit Card,2024-10-23
165,103,Laptop,Electronics,3,3603,10809,Credit Card,2024-03-30
166,85,Ball,Sports,5,4310,21550,Debit Card,2024-05-19
167,39,Comics,Books,3,1143,3429,Credit Card,2024-08-27
168,47,Jacket,Clothing,4,4765,19060,Cash,2024-07-06
169,189,Laptop,Electronics,5,1212,6060,Debit Card,2024-08-20
170,120,Ball,Sports,3,1087,3261,Cash,2024-12-11
171,114,Headphones,Electronics,5,2887,14435,UPI,2024-11-08
172,72,Magazine,Books,3,3544,10632,UPI,2024-02-29
173,121,Laptop,Electronics,4,1151,4604,Credit Card,2024-02-19
174,80,Comics,Books,3,4625,13875,Cash,2024-08-02
175,17,Laptop,Electronics,5,3543,17715,Debit Card,2024-05-23
176,51,Jeans,Clothing,4,2134,8536,Debit Card,2024-07-04
177,142,Shoes,Sports,3,696,2088,Credit Card,2024-07-22
178,11,Laptop,Electronics,1,1937,1937,UPI,2024-11-24
179,36,Mixer,Home,2,4825,9650,Credit Card,2024-04-15
180,2,Bat,Sports,2,2891,5782,Debit Card,2024-03-16
181,57,Shirt,Clothing,5,2253,11265,UPI,2024-03-30
182,166,Shirt,Clothing,3,2149,6447,UPI,2024-10-28
183,270,Jeans,Clothing,1,1238,1238,UPI,2024-08-03
184,56,Laptop,Electronics,4,3165,12660,Cash,2024-09-19
185,267,Bat,Sports,5,555,2775,Debit Card,2024-12-03
186,206,Magazine,Books,1,698,698,Cash,2024-09-02
187,165,Laptop,Electronics,4,802,3208,Credit Card,2024-02-11
188,167,Phone,Electronics,3,4995,14985,Cash,2024-10-07
189,221,Shoes,Sports,3,3916,11748,UPI,2024-09-15
190,232,Headphones,Electronics,5,1961,9805,Credit Card,2024-08-08
191,49,Comics,Books,4,3466,13864,Debit Card,2024-07-31
192,243,Comics,Books,3,3266,9798,UPI,2024-03-19
193,191,Phone,Electronics,1,3737,3737,Credit Card,2024-02-19
194,169,Bat,Sports,5,4800,24000,UPI,2024-10-14
195,160,Comics,Books,4,621,2484,Debit Card,2024-05-27
196,247,Headphones,Electronics,5,1942,9710,Credit Card,2024-03-20
197,143,Laptop,Electronics,5,3211,16055,Credit Card,2024-02-28
198,137,Magazine,Books,5,4760,23800,UPI,2024-01-14
199,4,Jeans,Clothing,3,2983,8949,Credit Card,2024-06-28
200,16,Jacket,Clothing,4,770,3080,UPI,2024-03-13
201,175,Bat,Sports,4,3639,14556,Credit Card,2024-08-20
202,44,Chair,Home,3,4849,14547,UPI,2024-11-01
203,42,Shirt,Clothing,5,607,3035,Debit Card,2024-12-11
204,227,Magazine,Books,4,4178,16712,Cash,2024-11-06
205,221,Mixer,Home,5,1132,5660,UPI,2024-06-25
206,158,Lamp,Home,5,4186,20930,UPI,2024-09-26
207,105,Jeans,Clothing,5,648,3240,Debit Card,2024-01-04
208,62,Shirt,Clothing,3,2571,7713,UPI,2024-06-16
209,195,Magazine,Books,4,1639,6556,Credit Card,2024-03-07
210,22,Shoes,Sports,3,790,2370,Cash,2024-07-22
211,220,Laptop,Electronics,1,2764,2764,Cash,2024-10-21
212,167,Comics,Books,1,3518,3518,Credit Card,2024-01-11
213,55,Ball,Sports,3,921,2763,Credit Card,2024-08-11
214,203,Magazine,Books,4,4492,17968,Debit Card,2024-02-10
215,262,Mixer,Home,3,1577,4731,UPI,2024-02-09
216,76,Shoes,Sports,2,3062,6124,Credit Card,2024-06-28
217,79,Phone,Electronics,3,1816,5448,UPI,2024-03-29
218,297,Jacket,Clothing,4,4000,16000,Cash,2024-10-15
219,162,Shoes,Sports,5,2847,14235,Credit Card,2024-11-17
220,156,Novel,Books,4,3822,15288,Debit Card,2024-11-19
221,159,Bat,Sports,3,4356,13068,Cash,2024-02-07
222,40,Novel,Books,1,3220,3220,UPI,2024-05-26
223,298,Shoes,Sports,5,3349,16745,UPI,2024-08-24
224,244,Magazine,Books,2,2833,5666,Credit Card,2024-11-05
225,44,Laptop,Electronics,1,3013,3013,Credit Card,2024-12-31
226,268,Phone,Electronics,4,3799,15196,Credit Card,2024-09-25
227,174,Chair,Home,3,3373,10119,UPI,2024-07-28
228,198,Mixer,Home,3,974,2922,Debit Card,2024-10-12
229,42,Lamp,Home,5,1431,7155,Credit Card,2024-06-19
230,44,Chair,Home,4,1256,5024,Debit Card,2024-10-31
231,270,Ball,Sports,3,1246,3738,UPI,2024-12-09
232,159,Magazine,Books,3,349,1047,Credit Card,2024-07-04
233,71,Jeans,Clothing,4,1772,7088,Credit Card,2024-04-25
234,270,Laptop,Electronics,1,4358,4358,UPI,2024-10-03
235,84,Lamp,Home,2,3286,6572,Credit Card,2024-03-19
236,187,Bat,Sports,4,557,2228,Credit Card,2024-07-29
237,274,Magazine,Books,3,3877,11631,Credit Card,2024-04-29
238,293,Chair,Home,2,3213,6426,Cash,2024-12-13
239,215,Comics,Books,4,4319,17276,Credit Card,2024-09-27
240,247,Jacket,Clothing,2,2248,4496,Debit Card,2024-01-27
241,43,Bat,Sports,5,1221,6105,Credit Card,2024-05-25
242,47,Chair,Home,5,1407,7035,Credit Card,2024-08-11
243,203,Comics,Books,1,3598,3598,Debit Card,2024-01-28
244,15,Jeans,Clothing,1,3271,3271,Debit Card,2024-04-24
245,20,Headphones,Electronics,3,1396,4188,Debit Card,2024-03-11
246,3,Magazine,Books,2,4042,8084,UPI,2024-08-17
247,271,Laptop,Electronics,2,1424,2848,Cash,2024-10-07
248,25,Laptop,Electronics,2,2667,5334,Credit Card,2024-03-03
249,57,Magazine,Books,5,3944,19720,Cash,2024-02-02
250,124,Shoes,Sports,1,4421,4421,Credit Card,2024-10-21
251,293,Chair,Home,1,3090,3090,Cash,2024-05-03
252,35,Jacket,Clothing,1,4488,4488,UPI,2024-07-03
253,130,Comics,Books,1,3369,3369,UPI,2024-07-10
254,54,Mixer,Home,3,2175,6525,Debit Card,2024-12-02
255,90,Shirt,Clothing,3,4672,14016,Cash,2024-06-22
256,235,Magazine,Books,2,1304,2608,UPI,2024-02-02
257,162,Mixer,Home,1,1834,1834,Debit Card,2024-01-22
258,19,Ball,Sports,5,4078,20390,Credit Card,2024-05-09
259,64,Chair,Home,1,2919,2919,Debit Card,2024-05-19
260,96,Comics,Books,4,3367,13468,Cash,2024-06-22
261,218,Comics,Books,5,2384,11920,UPI,2024-02-12
262,165,Magazine,Books,2,4668,9336,UPI,2024-05-30
263,219,Laptop,Electronics,3,2710,8130,Credit Card,2024-08-16
264,223,Comics,Books,4,546,2184,Debit Card,2024-06-29
265,82,Phone,Electronics,4,3176,12704,UPI,2024-09-19
266,35,Jacket,Clothing,4,485,1940,Credit Card,2024-03-05
267,79,Chair,Home,4,4846,19384,Cash,2024-01-17
268,71,Chair,Home,4,829,3316,Debit Card,2024-10-20
269,14,Comics,Books,3,2244,6732,Credit Card,2024-02-28
270,135,Magazine,Books,4,4801,19204,Debit Card,2024-03-01
271,252,Novel,Books,5,2539,12695,Credit Card,2024-12-21
272,228,Phone,Electronics,1,3903,3903,UPI,2024-03-29
273,278,Lamp,Home,3,731,2193,Debit Card,2024-10-08
274,115,Mixer,Home,2,3161,6322,UPI,2024-09-17
275,185,Shirt,Clothing,2,4247,8494,Debit Card,2024-01-14
276,159,Magazine,Books,2,906,1812,Cash,2024-02-03
277,38,Magazine,Books,4,3554,14216,Credit Card,2024-10-21
278,265,Lamp,Home,1,3886,3886,Debit Card,2024-08-26
279,222,Jacket,Clothing,5,1690,8450,UPI,2024-03-07
280,83,Headphones,Electronics,2,2691,5382,Debit Card,2024-03-25
281,129,Jeans,Clothing,5,2526,12630,Credit Card,2024-02-10
282,274,Ball,Sports,2,2680,5360,UPI,2024-11-10
283,88,Shoes,Sports,2,4956,9912,Debit Card,2024-03-19
284,296,Bat,Sports,1,865,865,Debit Card,2024-01-24
285,280,Jacket,Clothing,4,448,1792,Debit Card,2024-09-11
286,233,Chair,Home,2,3526,7052,UPI,2024-06-01
287,238,Phone,Electronics,4,3604,14416,Credit Card,2024-09-04
288,177,Lamp,Home,2,2760,5520,Cash,2024-06-12
289,164,Jeans,Clothing,5,4801,24005,Credit Card,2024-02-24
290,73,Novel,Books,3,3883,11649,UPI,2024-05-06
291,82,Laptop,Electronics,4,3625,14500,Debit Card,2024-05-07
292,256,Shoes,Sports,3,1755,5265,Cash,2024-03-22
293,202,Comics,Books,4,389,1556,Cash,2024-02-16
294,26,Shirt,Clothing,5,3090,15450,Debit Card,2024-01-25
295,5,Magazine,Books,4,2540,10160,UPI,2024-10-01
296,188,Novel,Books,3,3196,9588,UPI,2024-07-25
297,186,Novel,Books,5,4802,24010,Debit Card,2024-04-09
298,144,Laptop,Electronics,5,3889,19445,UPI,2024-10-08
299,286,Shirt,Clothing,4,3257,13028,Debit Card,2024-06-22
300,257,Shirt,Clothing,5,4370,21850,UPI,2024-07-24
301,266,Phone,Electronics,2,2928,5856,Cash,2024-08-30
302,164,Jacket,Clothing,5,1345,6725,Credit Card,2024-06-16
303,261,Magazine,Books,3,2955,8865,Cash,2024-09-16
304,170,Ball,Sports,4,336,1344,UPI,2024-07-07
305,243,Magazine,Books,3,418,1254,Debit Card,2024-11-01
306,246,Shoes,Sports,2,620,1240,Credit Card,2024-10-25
307,125,Shoes,Sports,5,3314,16570,UPI,2024-03-16
308,226,Shoes,Sports,1,1762,1762,Debit Card,2024-01-10
309,257,Novel,Books,4,1870,7480,Cash,2024-07-29
310,288,Headphones,Electronics,2,4449,8898,Debit Card,2024-04-16
311,236,Magazine,Books,4,2770,11080,Debit Card,2024-03-29
312,127,Ball,Sports,3,4166,12498,Debit Card,2024-04-08
313,107,Ball,Sports,2,2638,5276,Cash,2024-05-27
314,148,Chair,Home,3,4791,14373,UPI,2024-05-20
315,177,Shoes,Sports,5,3310,16550,Credit Card,2024-07-21
316,227,Mixer,Home,3,847,2541,Debit Card,2024-06-26
317,288,Novel,Books,2,4612,9224,Debit Card,2024-05-18
318,26,Shirt,Clothing,5,2160,10800,Credit Card,2024-05-04
319,242,Shirt,Clothing,1,3585,3585,UPI,2024-06-18
320,244,Shirt,Clothing,5,1493,7465,Cash,2024-07-27
321,31,Jeans,Clothing,3,2538,7614,UPI,2024-11-26
322,214,Bat,Sports,5,505,2525,Credit Card,2024-03-30
323,20,Laptop,Electronics,4,1726,6904,UPI,2024-05-28
324,146,Lamp,Home,5,1079,5395,Cash,2024-06-20
325,240,Shoes,Sports,4,1299,5196,Debit Card,2024-09-15
326,132,Shirt,Clothing,3,1531,4593,Credit Card,2024-08-22
327,99,Headphones,Electronics,3,2616,7848,Credit Card,2024-10-17
328,168,Shoes,Sports,4,3703,14812,UPI,2024-09-20
329,245,Magazine,Books,1,1713,1713,Debit Card,2024-03-12
330,229,Shirt,Clothing,3,3342,10026,Debit Card,2024-04-30
331,134,Chair,Home,5,4893,24465,Debit Card,2024-01-06
332,82,Shirt,Clothing,1,4012,4012,Cash,2024-06-06
333,152,Shoes,Sports,3,1161,3483,Debit Card,2024-11-23
334,79,Bat,Sports,2,1294,2588,Cash,2024-09-01
335,276,Ball,Sports,4,4699,18796,Credit Card,2024-08-29
336,229,Jacket,Clothing,5,870,4350,Debit Card,2024-09-26
337,259,Headphones,Electronics,1,705,705,Credit Card,2024-10-07
338,267,Shoes,Sports,2,1547,3094,Cash,2024-06-16
339,47,Headphones,Electronics,2,4977,9954,Cash,2024-09-07
340,234,Laptop,Electronics,2,4404,8808,UPI,2024-07-31
341,131,Ball,Sports,3,378,1134,UPI,2024-07-21
342,177,Jacket,Clothing,1,571,571,UPI,2024-08-04
343,147,Bat,Sports,1,4067,4067,Cash,2024-01-17
344,230,Shirt,Clothing,4,3267,13068,Cash,2024-07-14
345,179,Novel,Books,5,1289,6445,UPI,2024-11-30
346,115,Jacket,Clothing,4,4532,18128,UPI,2024-03-06
347,273,Laptop,Electronics,4,4660,18640,Cash,2024-08-05
348,142,Shirt,Clothing,4,3035,12140,Credit Card,2024-03-20
349,106,Phone,Electronics,4,328,1312,UPI,2024-05-03
350,25,Headphones,Electronics,1,3857,3857,Credit Card,2024-11-02
351,112,Laptop,Electronics,4,2119,8476,UPI,2024-10-03
352,164,Jacket,Clothing,3,2118,6354,Debit Card,2024-10-21
353,212,Jeans,Clothing,2,4470,8940,Debit Card,2024-04-23
354,219,Mixer,Home,5,1634,8170,Cash,2024-11-16
355,214,Laptop,Electronics,4,4496,17984,Cash,2024-06-12
356,243,Jeans,Clothing,4,1706,6824,Credit Card,2024-10-02
357,288,Jeans,Clothing,2,3993,7986,Cash,2024-01-30
358,125,Magazine,Books,5,1298,6490,Debit Card,2024-07-17
359,48,Jeans,Clothing,1,3884,3884,Credit Card,2024-07-08
360,97,Laptop,Electronics,4,523,2092,Credit Card,2024-02-07
361,109,Novel,Books,3,2683,8049,Credit Card,2024-01-08
362,105,Headphones,Electronics,4,2187,8748,Cash,2024-12-22
363,239,Jacket,Clothing,3,2518,7554,Debit Card,2024-07-13
364,239,Chair,Home,3,4400,13200,UPI,2024-09-11
365,212,Comics,Books,2,3236,6472,UPI,2024-06-09
366,284,Bat,Sports,2,332,664,Cash,2024-05-13
367,195,Mixer,Home,2,2902,5804,Credit Card,2024-04-27
368,252,Magazine,Books,3,2308,6924,Cash,2024-09-07
369,280,Jacket,Clothing,3,1586,4758,Cash,2024-03-12
370,39,Jacket,Clothing,1,4492,4492,UPI,2024-01-18
371,78,Laptop,Electronics,2,2095,4190,UPI,2024-02-04
372,248,Jacket,Clothing,4,3257,13028,Cash,2024-01-31
373,7,Phone,Electronics,5,4719,23595,UPI,2024-07-29
374,9,Shoes,Sports,3,4588,13764,Cash,2024-05-26
375,124,Shirt,Clothing,1,4495,4495,Credit Card,2024-03-17
376,204,Shoes,Sports,3,3103,9309,UPI,2024-05-16
377,116,Chair,Home,4,4828,19312,Debit Card,2024-05-04
378,195,Headphones,Electronics,1,965,965,Cash,2024-07-26
379,88,Ball,Sports,1,277,277,UPI,2024-12-25
380,271,Comics,Books,3,4835,14505,UPI,2024-02-18
381,24,Shirt,Clothing,5,4095,20475,UPI,2024-05-18
382,162,Lamp,Home,5,469,2345,UPI,2024-04-01
383,154,Jacket,Clothing,2,3462,6924,Credit Card,2024-02-09
384,277,Bat,Sports,5,3387,16935,Debit Card,2024-12-12
385,178,Magazine,Books,2,842,1684,UPI,2024-09-13
386,204,Laptop,Electronics,2,822,1644,Debit Card,2024-06-23
387,117,Headphones,Electronics,3,3890,11670,Debit Card,2024-09-08
388,300,Ball,Sports,4,1721,6884,Cash,2024-12-14
389,38,Headphones,Electronics,3,2218,6654,UPI,2024-12-31
390,163,Mixer,Home,4,1463,5852,Debit Card,2024-07-18
391,185,Phone,Electronics,1,2725,2725,Debit Card,2024-08-15
392,230,Phone,Electronics,1,1735,1735,Cash,2024-08-08
393,48,Phone,Electronics,1,3099,3099,Debit Card,2024-10-10
394,44,Novel,Books,3,3589,10767,Credit Card,2024-07-17
395,72,Shoes,Sports,2,3318,6636,Debit Card,2024-03-27
396,86,Chair,Home,4,1395,5580,Cash,2024-02-02
397,185,Chair,Home,3,4166,12498,Debit Card,2024-02-09
398,55,Jacket,Clothing,4,1801,7204,Credit Card,2024-08-22
399,195,Mixer,Home,4,2921,11684,Debit Card,2024-11-13
400,165,Comics,Books,4,1315,5260,Credit Card,2024-06-02
401,150,Comics,Books,2,3462,6924,Cash,2024-06-12
402,202,Bat,Sports,3,3280,9840,Debit Card,2024-05-23
403,282,Headphones,Electronics,2,4669,9338,UPI,2024-04-02
404,36,Magazine,Books,2,3791,7582,Cash,2024-05-29
405,79,Novel,Books,3,2182,6546,Cash,2024-05-09
406,206,Novel,Books,4,4125,16500,Cash,2024-10-25
407,44,Bat,Sports,3,4598,13794,UPI,2024-10-31
408,23,Jacket,Clothing,3,1562,4686,Cash,2024-11-27
409,133,Chair,Home,1,286,286,Credit Card,2024-02-20
410,295,Shoes,Sports,5,4771,23855,Credit Card,2024-10-24
411,257,Comics,Books,4,3993,15972,Credit Card,2024-12-13
412,213,Mixer,Home,4,1056,4224,UPI,2024-05-31
413,176,Headphones,Electronics,2,3053,6106,Cash,2024-06-08
414,50,Jacket,Clothing,4,3053,12212,Cash,2024-08-31
415,59,Comics,Books,1,2659,2659,UPI,2024-01-23
416,265,Lamp,Home,1,1546,1546,Credit Card,2024-05-04
417,237,Bat,Sports,3,4786,14358,Credit Card,2024-08-06
418,222,Magazine,Books,2,1726,3452,Cash,2024-11-23
419,220,Headphones,Electronics,5,1816,9080,Cash,2024-08-18
420,33,Headphones,Electronics,2,1885,3770,UPI,2024-05-22
421,235,Bat,Sports,3,2870,8610,UPI,2024-04-10
422,161,Lamp,Home,4,4523,18092,Cash,2024-11-23
423,181,Ball,Sports,5,1135,5675,Cash,2024-06-27
424,69,Bat,Sports,3,894,2682,Debit Card,2024-12-10
425,192,Phone,Electronics,3,1158,3474,Credit Card,2024-04-03
426,197,Ball,Sports,4,1329,5316,Cash,2024-10-21
427,86,Jeans,Clothing,5,1619,8095,Cash,2024-10-11
428,28,Mixer,Home,2,2777,5554,Debit Card,2024-08-18
429,288,Laptop,Electronics,2,1798,3596,Cash,2024-07-15
430,228,Magazine,Books,4,3604,14416,Cash,2024-12-29
431,150,Shirt,Clothing,5,452,2260,UPI,2024-04-22
432,235,Mixer,Home,5,2564,12820,Cash,2024-03-27
433,138,Shoes,Sports,1,4891,4891,Debit Card,2024-02-28
434,218,Bat,Sports,4,4675,18700,UPI,2024-04-21
435,179,Jeans,Clothing,1,3884,3884,UPI,2024-05-14
436,180,Novel,Books,2,1919,3838,Cash,2024-10-28
437,31,Jacket,Clothing,2,1892,3784,Debit Card,2024-04-15
438,166,Ball,Sports,5,4613,23065,Debit Card,2024-03-27
439,49,Lamp,Home,3,4414,13242,Credit Card,2024-12-13
440,68,Novel,Books,3,1239,3717,Credit Card,2024-12-25
441,202,Jacket,Clothing,3,2227,6681,Cash,2024-12-12
442,232,Jacket,Clothing,3,3593,10779,UPI,2024-07-11
443,189,Laptop,Electronics,5,2479,12395,Cash,2024-12-21
444,235,Comics,Books,5,220,1100,Debit Card,2024-02-17
445,109,Headphones,Electronics,4,1984,7936,Cash,2024-08-07
446,296,Chair,Home,3,2966,8898,Credit Card,2024-10-07
447,51,Ball,Sports,3,596,1788,Cash,2024-01-24
448,1,Phone,Electronics,2,3815,7630,Cash,2024-08-21
449,141,Jacket,Clothing,2,2672,5344,UPI,2024-03-22
450,85,Chair,Home,1,3246,3246,UPI,2024-12-06
451,47,Magazine,Books,3,2118,6354,UPI,2024-08-07
452,116,Phone,Electronics,4,838,3352,Cash,2024-03-08
453,68,Phone,Electronics,3,1187,3561,Cash,2024-08-04
454,53,Phone,Electronics,4,931,3724,Debit Card,2024-02-22
455,74,Chair,Home,2,3335,6670,UPI,2024-03-09
456,180,Shoes,Sports,1,1544,1544,Credit Card,2024-08-13
457,45,Jeans,Clothing,5,3824,19120,UPI,2024-04-21
458,220,Shirt,Clothing,5,3345,16725,Debit Card,2024-06-28
459,284,Shirt,Clothing,3,890,2670,Debit Card,2024-05-07
460,261,Headphones,Electronics,3,1883,5649,Credit Card,2024-09-22
461,198,Comics,Books,1,2160,2160,UPI,2024-09-10
462,7,Jeans,Clothing,5,781,3905,Debit Card,2024-09-27
463,188,Mixer,Home,4,4856,19424,Credit Card,2024-08-03
464,135,Novel,Books,1,753,753,Credit Card,2024-01-08
465,257,Phone,Electronics,4,4350,17400,Cash,2024-05-26
466,275,Magazine,Books,4,875,3500,Credit Card,2024-11-23
467,105,Mixer,Home,3,847,2541,Credit Card,2024-09-18
468,224,Ball,Sports,4,741,2964,Credit Card,2024-06-07
469,233,Phone,Electronics,1,3759,3759,UPI,2024-02-29
470,71,Lamp,Home,2,1178,2356,UPI,2024-01-07
471,133,Jeans,Clothing,3,4484,13452,Credit Card,2024-09-21
472,172,Mixer,Home,3,1167,3501,Cash,2024-01-16
473,296,Lamp,Home,1,2354,2354,UPI,2024-12-30
474,256,Comics,Books,5,3150,15750,Credit Card,2024-01-29
475,60,Mixer,Home,3,1042,3126,Credit Card,2024-10-20
476,24,Bat,Sports,1,300,300,Cash,2024-05-05
477,284,Chair,Home,2,1666,3332,Cash,2024-01-19
478,139,Jeans,Clothing,2,3609,7218,UPI,2024-06-12
479,27,Ball,Sports,1,4312,4312,Credit Card,2024-12-10
480,239,Jacket,Clothing,1,3484,3484,Debit Card,2024-02-05
481,5,Chair,Home,1,4730,4730,Debit Card,2024-08-21
482,125,Jeans,Clothing,5,2689,13445,Cash,2024-11-14
483,126,Lamp,Home,4,1800,7200,Credit Card,2024-10-06
484,178,Laptop,Electronics,1,2108,2108,UPI,2024-10-04
485,106,Mixer,Home,4,2719,10876,Credit Card,2024-02-23
486,144,Comics,Books,1,1366,1366,UPI,2024-12-30
487,191,Phone,Electronics,5,3583,17915,Cash,2024-12-24
488,202,Headphones,Electronics,1,4340,4340,UPI,2024-03-09
489,67,Shoes,Sports,1,3763,3763,Credit Card,2024-12-05
490,168,Chair,Home,3,3419,10257,Debit Card,2024-12-24
491,70,Comics,Books,2,811,1622,UPI,2024-04-13
492,161,Shirt,Clothing,2,3882,7764,Cash,2024-08-26
493,158,Headphones,Electronics,3,1900,5700,Cash,2024-08-19
494,156,Mixer,Home,1,1491,1491,UPI,2024-12-17
495,128,Jeans,Clothing,2,947,1894,Debit Card,2024-12-30
496,90,Magazine,Books,1,2648,2648,UPI,2024-05-13
497,49,Comics,Books,5,4706,23530,Cash,2024-05-07
498,114,Phone,Electronics,1,297,297,Credit Card,2024-02-01
499,133,Jeans,Clothing,3,888,2664,UPI,2024-10-25
500,48,Phone,Electronics,2,3832,7664,Debit Card,2024-03-06
501,294,Phone,Electronics,4,614,2456,Cash,2024-03-27
502,219,Comics,Books,1,3335,3335,Credit Card,2024-12-15
503,229,Mixer,Home,2,2452,4904,Credit Card,2024-05-23
504,152,Headphones,Electronics,5,2213,11065,Cash,2024-11-27
505,144,Magazine,Books,4,699,2796,Cash,2024-02-14
506,279,Jeans,Clothing,2,4507,9014,UPI,2024-05-07
507,249,Magazine,Books,3,4129,12387,Debit Card,2024-10-05
508,93,Shoes,Sports,3,3381,10143,UPI,2024-05-18
509,30,Lamp,Home,2,440,880,Cash,2024-05-23
510,52,Ball,Sports,5,2106,10530,Credit Card,2024-03-22
511,295,Jeans,Clothing,5,658,3290,Cash,2024-04-22
512,163,Mixer,Home,2,2137,4274,Debit Card,2024-10-30
513,73,Bat,Sports,3,4850,14550,Credit Card,2024-10-15
514,20,Magazine,Books,3,1638,4914,UPI,2024-09-08
515,270,Phone,Electronics,5,1992,9960,Cash,2024-01-11
516,175,Laptop,Electronics,5,1850,9250,Credit Card,2024-03-07
517,73,Mixer,Home,1,1410,1410,UPI,2024-10-27
518,203,Ball,Sports,1,3260,3260,UPI,2024-12-26
519,224,Chair,Home,3,1317,3951,Cash,2024-03-21
520,90,Mixer,Home,5,3123,15615,Cash,2024-04-24
521,1,Lamp,Home,3,1243,3729,Cash,2024-03-31
522,114,Bat,Sports,2,2806,5612,UPI,2024-11-09
523,178,Novel,Books,3,837,2511,Debit Card,2024-05-01
524,6,Jacket,Clothing,1,2950,2950,Debit Card,2024-08-16
525,56,Shirt,Clothing,1,3071,3071,UPI,2024-05-11
526,212,Laptop,Electronics,4,3637,14548,Cash,2024-03-26
527,246,Comics,Books,5,3274,16370,Credit Card,2024-02-21
528,11,Jeans,Clothing,1,473,473,Debit Card,2024-05-30
529,193,Mixer,Home,1,3000,3000,Credit Card,2024-03-28
530,248,Headphones,Electronics,1,2968,2968,UPI,2024-10-31
531,28,Magazine,Books,2,3756,7512,UPI,2024-03-21
532,284,Mixer,Home,2,3552,7104,Debit Card,2024-12-22
533,202,Chair,Home,2,985,1970,Cash,2024-01-26
534,45,Shirt,Clothing,3,231,693,Debit Card,2024-08-06
535,106,Ball,Sports,2,994,1988,Credit Card,2024-01-14
536,204,Mixer,Home,4,1146,4584,Cash,2024-06-06
537,279,Magazine,Books,3,946,2838,Cash,2024-11-24
538,229,Jeans,Clothing,4,3226,12904,UPI,2024-04-05
539,138,Chair,Home,4,2357,9428,UPI,2024-04-25
540,177,Jacket,Clothing,1,902,902,Cash,2024-12-08
541,268,Bat,Sports,5,699,3495,Cash,2024-07-17
542,244,Shoes,Sports,4,4891,19564,Debit Card,2024-04-30
543,265,Laptop,Electronics,1,4313,4313,Credit Card,2024-10-19
544,99,Laptop,Electronics,2,1569,3138,Credit Card,2024-04-18
545,76,Laptop,Electronics,1,3766,3766,Debit Card,2024-04-13
546,285,Lamp,Home,1,912,912,Cash,2024-07-17
547,7,Ball,Sports,3,4457,13371,Cash,2024-08-22
548,299,Laptop,Electronics,2,1414,2828,UPI,2024-10-17
549,177,Headphones,Electronics,1,2543,2543,Cash,2024-10-01
550,243,Chair,Home,4,4886,19544,UPI,2024-11-07
551,206,Jeans,Clothing,4,1378,5512,UPI,2024-11-12
552,138,Comics,Books,2,603,1206,Debit Card,2024-08-31
553,252,Laptop,Electronics,3,2747,8241,UPI,2024-05-23
554,138,Shirt,Clothing,3,3829,11487,Cash,2024-06-13
555,109,Shoes,Sports,1,1739,1739,Cash,2024-08-14
556,82,Magazine,Books,3,660,1980,UPI,2024-09-20
557,269,Lamp,Home,5,3504,17520,UPI,2024-03-10
558,17,Shirt,Clothing,2,672,1344,Cash,2024-05-07
559,238,Laptop,Electronics,2,2444,4888,Cash,2024-07-07
560,251,Headphones,Electronics,1,2181,2181,Cash,2024-07-09
561,177,Jeans,Clothing,5,4716,23580,Credit Card,2024-06-28
562,198,Lamp,Home,1,2535,2535,UPI,2024-01-15
563,116,Jacket,Clothing,2,2013,4026,Credit Card,2024-11-27
564,5,Lamp,Home,4,4404,17616,Cash,2024-01-11
565,130,Jacket,Clothing,2,269,538,Debit Card,2024-04-24
566,130,Chair,Home,4,3056,12224,Credit Card,2024-08-23
567,53,Comics,Books,5,3453,17265,UPI,2024-10-26
568,145,Shoes,Sports,3,4799,14397,Debit Card,2024-11-27
569,167,Laptop,Electronics,1,2954,2954,Debit Card,2024-05-21
570,265,Lamp,Home,3,1743,5229,Credit Card,2024-03-17
571,72,Headphones,Electronics,4,2818,11272,UPI,2024-12-14
572,199,Comics,Books,3,3628,10884,UPI,2024-07-26
573,114,Shoes,Sports,5,1755,8775,Cash,2024-06-24
574,286,Lamp,Home,3,1592,4776,Credit Card,2024-12-02
575,287,Mixer,Home,4,1248,4992,Credit Card,2024-05-12
576,115,Lamp,Home,1,2020,2020,Debit Card,2024-06-30
577,151,Comics,Books,3,2334,7002,Cash,2024-10-26
578,37,Laptop,Electronics,1,4980,4980,Cash,2024-10-24
579,153,Jacket,Clothing,1,3326,3326,Cash,2024-09-28
580,210,Phone,Electronics,2,1840,3680,Cash,2024-06-24
581,171,Jeans,Clothing,2,862,1724,Credit Card,2024-09-06
582,141,Lamp,Home,1,238,238,Credit Card,2024-08-19
583,67,Jacket,Clothing,2,4210,8420,Cash,2024-02-15
584,3,Comics,Books,4,4110,16440,UPI,2024-07-15
585,272,Bat,Sports,3,315,945,Credit Card,2024-06-13
586,177,Headphones,Electronics,1,2238,2238,Debit Card,2024-04-25
587,157,Shirt,Clothing,4,4323,17292,Credit Card,2024-10-28
588,267,Phone,Electronics,3,2582,7746,Debit Card,2024-08-21
589,184,Magazine,Books,2,3007,6014,Credit Card,2024-09-07
590,68,Jeans,Clothing,1,2071,2071,Credit Card,2024-04-24
591,188,Headphones,Electronics,5,1584,7920,UPI,2024-03-04
592,25,Magazine,Books,3,4580,13740,UPI,2024-11-15
593,60,Headphones,Electronics,1,595,595,Cash,2024-12-19
594,243,Comics,Books,1,4683,4683,Credit Card,2024-05-09
595,52,Jacket,Clothing,1,2666,2666,Debit Card,2024-08-03
596,262,Shoes,Sports,2,3631,7262,UPI,2024-02-23
597,103,Mixer,Home,1,4277,4277,Debit Card,2024-04-11
598,83,Bat,Sports,3,3556,10668,UPI,2024-05-31
599,121,Ball,Sports,2,4137,8274,UPI,2024-06-18
600,253,Headphones,Electronics,1,1104,1104,Credit Card,2024-10-20
601,119,Headphones,Electronics,1,1029,1029,Cash,2024-05-11
602,90,Chair,Home,4,610,2440,UPI,2024-02-21
603,49,Chair,Home,3,3689,11067,UPI,2024-02-29
604,225,Phone,Electronics,2,2892,5784,Debit Card,2024-07-02
605,206,Laptop,Electronics,3,1698,5094,Cash,2024-02-28
606,86,Comics,Books,4,4117,16468,UPI,2024-08-03
607,214,Jacket,Clothing,1,1505,1505,Cash,2024-02-23
608,195,Shoes,Sports,4,1684,6736,Debit Card,2024-11-08
609,58,Bat,Sports,2,4157,8314,Cash,2024-09-06
610,161,Novel,Books,1,2343,2343,UPI,2024-12-01
611,174,Shoes,Sports,5,4828,24140,UPI,2024-04-24
612,198,Magazine,Books,2,4147,8294,Credit Card,2024-06-26
613,81,Shoes,Sports,1,295,295,Cash,2024-11-25
614,124,Novel,Books,1,4227,4227,Debit Card,2024-06-13
615,194,Mixer,Home,5,2024,10120,Cash,2024-10-08
616,230,Shirt,Clothing,4,3838,15352,UPI,2024-10-20
617,10,Comics,Books,3,1172,3516,UPI,2024-09-11
618,1,Comics,Books,1,4764,4764,UPI,2024-10-08
619,106,Shoes,Sports,3,4364,13092,Cash,2024-10-14
620,170,Chair,Home,1,2026,2026,Cash,2024-08-20
621,114,Lamp,Home,4,1134,4536,UPI,2024-02-19
622,192,Chair,Home,3,4686,14058,UPI,2024-09-24
623,55,Phone,Electronics,4,1350,5400,Debit Card,2024-07-28
624,111,Bat,Sports,2,1189,2378,Cash,2024-07-20
625,24,Jacket,Clothing,3,1082,3246,UPI,2024-07-31
626,256,Comics,Books,5,4330,21650,UPI,2024-03-09
627,300,Shoes,Sports,1,4732,4732,Cash,2024-08-09
628,54,Bat,Sports,5,1622,8110,Cash,2024-03-06
629,215,Shoes,Sports,3,4329,12987,Credit Card,2024-07-15
630,69,Chair,Home,3,2609,7827,Credit Card,2024-08-19
631,281,Magazine,Books,5,2648,13240,Debit Card,2024-12-25
632,149,Shoes,Sports,2,1845,3690,Debit Card,2024-04-17
633,166,Jacket,Clothing,2,4327,8654,UPI,2024-10-04
634,214,Lamp,Home,4,4974,19896,Debit Card,2024-10-19
635,196,Novel,Books,5,1072,5360,Credit Card,2024-01-13
636,83,Headphones,Electronics,1,1837,1837,Debit Card,2024-05-16
637,278,Mixer,Home,1,2617,2617,UPI,2024-04-14
638,288,Chair,Home,1,4802,4802,Cash,2024-04-24
639,199,Jacket,Clothing,3,584,1752,Cash,2024-07-14
640,104,Lamp,Home,1,306,306,Cash,2024-05-08
641,101,Jacket,Clothing,3,4677,14031,Credit Card,2024-11-04
642,89,Chair,Home,2,810,1620,UPI,2024-04-05
643,136,Novel,Books,4,2486,9944,Credit Card,2024-10-11
644,239,Jacket,Clothing,3,246,738,Credit Card,2024-06-18
645,155,Phone,Electronics,3,616,1848,Cash,2024-11-16
646,163,Shoes,Sports,3,797,2391,Credit Card,2024-12-28
647,213,Jacket,Clothing,1,4338,4338,Cash,2024-03-22
648,170,Laptop,Electronics,2,1947,3894,Debit Card,2024-12-05
649,288,Chair,Home,2,4545,9090,UPI,2024-08-31
650,125,Headphones,Electronics,3,3850,11550,UPI,2024-05-03
651,277,Chair,Home,1,3361,3361,Debit Card,2024-05-11
652,229,Headphones,Electronics,3,4413,13239,Cash,2024-09-17
653,43,Laptop,Electronics,2,2824,5648,UPI,2024-09-20
654,34,Jacket,Clothing,5,260,1300,Credit Card,2024-11-16
655,276,Jacket,Clothing,4,1051,4204,Cash,2024-04-15
656,170,Headphones,Electronics,2,394,788,UPI,2024-08-23
657,286,Phone,Electronics,1,1658,1658,UPI,2024-05-08
658,231,Bat,Sports,3,3539,10617,Cash,2024-07-17
659,61,Comics,Books,1,3390,3390,UPI,2024-12-10
660,38,Bat,Sports,5,572,2860,Debit Card,2024-12-24
661,45,Bat,Sports,3,2668,8004,Debit Card,2024-11-06
662,81,Comics,Books,4,452,1808,Credit Card,2024-08-30
663,74,Jacket,Clothing,4,4670,18680,Debit Card,2024-05-31
664,64,Mixer,Home,5,4747,23735,UPI,2024-03-13
665,281,Headphones,Electronics,5,3428,17140,UPI,2024-10-02
666,263,Mixer,Home,3,1934,5802,Credit Card,2024-07-30
667,59,Shirt,Clothing,2,2270,4540,Credit Card,2024-04-09
668,282,Bat,Sports,5,3978,19890,UPI,2024-11-26
669,102,Lamp,Home,1,2253,2253,Cash,2024-02-20
670,146,Chair,Home,2,2121,4242,UPI,2024-02-21
671,157,Jeans,Clothing,4,3891,15564,Credit Card,2024-06-17
672,87,Shoes,Sports,3,2791,8373,UPI,2024-08-07
673,185,Mixer,Home,2,3772,7544,Credit Card,2024-05-21
674,157,Chair,Home,4,3848,15392,Cash,2024-07-02
675,72,Bat,Sports,2,871,1742,Credit Card,2024-05-23
676,260,Lamp,Home,1,817,817,UPI,2024-01-10
677,283,Shoes,Sports,4,1942,7768,Debit Card,2024-01-19
678,201,Shoes,Sports,4,1417,5668,Credit Card,2024-07-06
679,257,Shoes,Sports,3,1296,3888,UPI,2024-08-25
680,123,Comics,Books,5,286,1430,Credit Card,2024-12-05
681,290,Bat,Sports,4,1504,6016,Credit Card,2024-04-01
682,119,Comics,Books,1,1992,1992,UPI,2024-09-06
683,106,Chair,Home,2,550,1100,Debit Card,2024-12-08
684,166,Comics,Books,4,580,2320,UPI,2024-01-21
685,279,Shoes,Sports,3,2357,7071,Credit Card,2024-10-23
686,40,Magazine,Books,4,3192,12768,Debit Card,2024-10-27
687,177,Novel,Books,5,3524,17620,Cash,2024-06-29
688,226,Magazine,Books,1,4311,4311,Credit Card,2024-03-12
689,77,Shirt,Clothing,5,2500,12500,Credit Card,2024-04-18
690,118,Jeans,Clothing,5,1169,5845,Cash,2024-12-04
691,246,Lamp,Home,1,4144,4144,Cash,2024-12-11
692,125,Jacket,Clothing,2,3566,7132,UPI,2024-01-12
693,263,Jacket,Clothing,5,1519,7595,UPI,2024-03-09
694,93,Bat,Sports,1,1562,1562,Cash,2024-05-12
695,111,Shoes,Sports,1,2522,2522,Cash,2024-02-13
696,211,Ball,Sports,4,1597,6388,Credit Card,2024-04-22
697,86,Bat,Sports,5,4384,21920,Debit Card,2024-05-15
698,194,Magazine,Books,5,763,3815,Cash,2024-04-27
699,259,Shirt,Clothing,1,1857,1857,Cash,2024-09-24
700,20,Jacket,Clothing,1,1653,1653,UPI,2024-08-31
701,221,Laptop,Electronics,2,4617,9234,Cash,2024-01-01
702,247,Mixer,Home,5,3714,18570,Cash,2024-04-27
703,69,Lamp,Home,5,1000,5000,Debit Card,2024-08-05
704,279,Novel,Books,1,2520,2520,Cash,2024-11-02
705,268,Mixer,Home,1,258,258,UPI,2024-10-22
706,162,Bat,Sports,4,1882,7528,Cash,2024-12-18
707,300,Mixer,Home,2,3690,7380,Debit Card,2024-11-29
708,142,Lamp,Home,4,4825,19300,Cash,2024-07-06
709,92,Jeans,Clothing,5,4767,23835,Debit Card,2024-09-04
710,296,Shoes,Sports,4,2278,9112,Debit Card,2024-06-06
711,229,Magazine,Books,2,1175,2350,Credit Card,2024-04-27
712,282,Phone,Electronics,5,3481,17405,UPI,2024-06-22
713,242,Jeans,Clothing,1,946,946,Cash,2024-03-15
714,41,Phone,Electronics,3,2016,6048,UPI,2024-07-08
715,30,Comics,Books,5,4468,22340,Credit Card,2024-05-26
716,266,Comics,Books,1,1852,1852,Debit Card,2024-12-02
717,119,Shirt,Clothing,5,4382,21910,Credit Card,2024-09-21
718,45,Laptop,Electronics,2,202,404,Debit Card,2024-03-21
719,103,Comics,Books,4,3521,14084,UPI,2024-10-27
720,299,Phone,Electronics,5,2530,12650,Debit Card,2024-10-13
721,207,Chair,Home,2,1793,3586,UPI,2024-08-20
722,287,Mixer,Home,4,4347,17388,UPI,2024-02-24
723,132,Ball,Sports,3,1158,3474,Debit Card,2024-09-19
724,174,Comics,Books,5,4161,20805,Cash,2024-05-04
725,133,Magazine,Books,1,4148,4148,UPI,2024-02-29
726,212,Magazine,Books,2,2083,4166,Debit Card,2024-06-10
727,148,Shoes,Sports,1,2357,2357,UPI,2024-05-07
728,92,Magazine,Books,3,822,2466,Cash,2024-10-10
729,94,Chair,Home,2,4899,9798,Credit Card,2024-05-17
730,136,Magazine,Books,2,2123,4246,Credit Card,2024-05-03
731,55,Shirt,Clothing,2,3116,6232,UPI,2024-03-20
732,22,Headphones,Electronics,4,254,1016,Cash,2024-10-04
733,141,Lamp,Home,3,4233,12699,Cash,2024-10-21
734,296,Jacket,Clothing,3,3459,10377,Credit Card,2024-04-23
735,17,Headphones,Electronics,4,4118,16472,Debit Card,2024-10-03
736,266,Magazine,Books,2,3945,7890,Cash,2024-03-02
737,108,Lamp,Home,1,296,296,Cash,2024-12-11
738,133,Bat,Sports,3,3162,9486,Credit Card,2024-11-09
739,176,Ball,Sports,2,2406,4812,Debit Card,2024-08-29
740,191,Jeans,Clothing,4,1924,7696,Debit Card,2024-08-02
741,68,Comics,Books,4,1673,6692,Credit Card,2024-10-19
742,222,Headphones,Electronics,3,2131,6393,Cash,2024-10-11
743,91,Shirt,Clothing,2,4074,8148,Cash,2024-01-05
744,250,Novel,Books,5,4574,22870,Debit Card,2024-06-10
745,51,Lamp,Home,5,590,2950,Credit Card,2024-07-22
746,50,Phone,Electronics,3,4103,12309,Cash,2024-11-18
747,286,Chair,Home,3,3151,9453,Debit Card,2024-10-13
748,102,Mixer,Home,4,1193,4772,Credit Card,2024-06-28
749,229,Chair,Home,3,4381,13143,UPI,2024-09-06
750,75,Magazine,Books,3,3999,11997,Credit Card,2024-11-19
751,37,Chair,Home,5,4882,24410,UPI,2024-07-26
752,150,Jeans,Clothing,2,2768,5536,Debit Card,2024-06-11
753,186,Shoes,Sports,4,2422,9688,Cash,2024-08-15
754,121,Novel,Books,2,389,778,Debit Card,2024-03-05
755,49,Phone,Electronics,2,3452,6904,UPI,2024-02-22
756,269,Magazine,Books,1,415,415,UPI,2024-07-22
757,200,Laptop,Electronics,5,1472,7360,Debit Card,2024-02-13
758,65,Shirt,Clothing,3,3830,11490,Credit Card,2024-11-16
759,183,Bat,Sports,1,487,487,Debit Card,2024-12-05
760,228,Comics,Books,5,2431,12155,Credit Card,2024-10-07
761,289,Bat,Sports,5,3940,19700,Cash,2024-11-19
762,247,Shoes,Sports,5,2736,13680,Credit Card,2024-06-26
763,134,Laptop,Electronics,3,3196,9588,Credit Card,2024-07-30
764,177,Mixer,Home,1,4487,4487,Debit Card,2024-03-10
765,154,Magazine,Books,1,4229,4229,UPI,2024-09-01
766,281,Comics,Books,5,2094,10470,Debit Card,2024-01-04
767,128,Jeans,Clothing,5,3780,18900,Credit Card,2024-07-21
768,217,Comics,Books,2,2354,4708,Credit Card,2024-02-10
769,273,Shoes,Sports,3,2532,7596,Debit Card,2024-11-28
770,149,Novel,Books,1,1694,1694,UPI,2024-03-10
771,252,Magazine,Books,4,2429,9716,Credit Card,2024-12-24
772,12,Mixer,Home,2,606,1212,Credit Card,2024-09-30
773,5,Laptop,Electronics,3,1224,3672,Credit Card,2024-08-12
774,176,Phone,Electronics,1,4243,4243,Cash,2024-04-21
775,17,Chair,Home,3,3998,11994,Debit Card,2024-12-22
776,37,Phone,Electronics,1,2383,2383,Cash,2024-07-19
777,63,Shirt,Clothing,3,3325,9975,Credit Card,2024-01-07
778,236,Comics,Books,2,474,948,UPI,2024-04-11
779,160,Shoes,Sports,2,4073,8146,Debit Card,2024-07-18
780,63,Jacket,Clothing,1,4702,4702,Debit Card,2024-09-23
781,27,Magazine,Books,3,1827,5481,Credit Card,2024-07-03
782,86,Phone,Electronics,4,2858,11432,Debit Card,2024-01-08
783,22,Bat,Sports,4,2191,8764,Cash,2024-01-05
784,81,Bat,Sports,3,933,2799,Cash,2024-05-07
785,31,Headphones,Electronics,5,2972,14860,UPI,2024-11-16
786,65,Lamp,Home,2,4593,9186,Cash,2024-02-24
787,99,Jeans,Clothing,5,3045,15225,UPI,2024-08-12
788,249,Comics,Books,2,2253,4506,Cash,2024-01-21
789,291,Ball,Sports,5,4214,21070,Credit Card,2024-04-07
790,284,Ball,Sports,3,4037,12111,Credit Card,2024-05-20
791,135,Headphones,Electronics,2,3881,7762,Debit Card,2024-05-31
792,10,Novel,Books,5,3305,16525,Debit Card,2024-04-04
793,276,Bat,Sports,3,718,2154,Cash,2024-12-03
794,145,Jacket,Clothing,4,4717,18868,Debit Card,2024-03-19
795,268,Magazine,Books,3,1104,3312,UPI,2024-02-19
796,55,Phone,Electronics,2,456,912,Cash,2024-04-13
797,199,Shirt,Clothing,1,4877,4877,Cash,2024-11-24
798,188,Shoes,Sports,5,2296,11480,Credit Card,2024-01-26
799,252,Shoes,Sports,1,307,307,UPI,2024-04-16
800,213,Magazine,Books,1,3156,3156,Debit Card,2024-10-12
801,37,Headphones,Electronics,3,4533,13599,Debit Card,2024-01-21
802,119,Phone,Electronics,5,995,4975,Cash,2024-02-21
803,92,Shirt,Clothing,5,2237,11185,Cash,2024-10-18
804,235,Headphones,Electronics,5,3132,15660,Cash,2024-12-11
805,259,Phone,Electronics,2,4705,9410,Debit Card,2024-07-24
806,162,Jacket,Clothing,5,3829,19145,Debit Card,2024-06-29
807,124,Chair,Home,4,2849,11396,Credit Card,2024-11-07
808,230,Magazine,Books,3,3149,9447,Cash,2024-08-19
809,9,Headphones,Electronics,1,2530,2530,Credit Card,2024-11-01
810,162,Mixer,Home,3,2017,6051,UPI,2024-04-19
811,293,Lamp,Home,5,4757,23785,Credit Card,2024-10-19
812,71,Phone,Electronics,4,3113,12452,Debit Card,2024-03-20
813,154,Lamp,Home,2,2108,4216,UPI,2024-05-11
814,167,Ball,Sports,5,1981,9905,Cash,2024-02-09
815,154,Jeans,Clothing,5,981,4905,UPI,2024-10-31
816,179,Ball,Sports,1,658,658,Cash,2024-06-20
817,196,Novel,Books,2,293,586,UPI,2024-11-20
818,290,Lamp,Home,1,2815,2815,Credit Card,2024-10-03
819,202,Lamp,Home,2,1454,2908,Cash,2024-01-26
820,222,Shoes,Sports,5,937,4685,Debit Card,2024-04-23
821,244,Novel,Books,2,2953,5906,UPI,2024-02-12
822,257,Ball,Sports,3,896,2688,Cash,2024-07-23
823,250,Shirt,Clothing,4,4781,19124,Cash,2024-04-11
824,125,Bat,Sports,5,4494,22470,UPI,2024-05-06
825,58,Chair,Home,3,4918,14754,Cash,2024-02-15
826,177,Comics,Books,3,1760,5280,UPI,2024-06-13
827,75,Mixer,Home,3,3822,11466,Cash,2024-11-15
828,44,Phone,Electronics,2,3262,6524,UPI,2024-03-20
829,8,Phone,Electronics,5,1409,7045,Debit Card,2024-05-27
830,170,Laptop,Electronics,4,4059,16236,Credit Card,2024-01-12
831,133,Bat,Sports,2,4676,9352,Cash,2024-09-24
832,299,Shoes,Sports,2,350,700,UPI,2024-07-11
833,139,Mixer,Home,1,2526,2526,UPI,2024-04-12
834,139,Magazine,Books,1,745,745,Debit Card,2024-07-17
835,195,Phone,Electronics,3,3366,10098,UPI,2024-04-28
836,96,Chair,Home,5,4554,22770,Credit Card,2024-02-15
837,127,Ball,Sports,5,376,1880,Debit Card,2024-01-21
838,178,Chair,Home,4,1486,5944,Debit Card,2024-01-10
839,142,Lamp,Home,3,2134,6402,UPI,2024-09-13
840,116,Chair,Home,1,4746,4746,Credit Card,2024-05-23
841,267,Chair,Home,2,919,1838,Credit Card,2024-07-14
842,160,Novel,Books,5,1451,7255,Debit Card,2024-08-06
843,71,Magazine,Books,2,1893,3786,Credit Card,2024-11-30
844,75,Jeans,Clothing,5,1307,6535,Credit Card,2024-08-08
845,95,Mixer,Home,5,4566,22830,Debit Card,2024-03-01
846,211,Jacket,Clothing,1,2810,2810,Debit Card,2024-07-30
847,55,Magazine,Books,3,1444,4332,Credit Card,2024-04-06
848,291,Shirt,Clothing,5,2386,11930,Credit Card,2024-11-06
849,41,Bat,Sports,2,413,826,Cash,2024-07-02
850,192,Jacket,Clothing,5,4040,20200,Credit Card,2024-12-30
851,99,Comics,Books,4,1326,5304,Credit Card,2024-03-24
852,114,Laptop,Electronics,1,2410,2410,Credit Card,2024-07-30
853,251,Shirt,Clothing,2,3798,7596,Debit Card,2024-11-11
854,195,Novel,Books,4,3516,14064,Debit Card,2024-01-22
855,20,Magazine,Books,5,4592,22960,UPI,2024-09-25
856,276,Comics,Books,1,2212,2212,Cash,2024-09-22
857,26,Headphones,Electronics,4,4428,17712,Credit Card,2024-11-18
858,237,Chair,Home,4,2694,10776,Credit Card,2024-05-26
859,265,Comics,Books,5,646,3230,Credit Card,2024-12-19
860,58,Magazine,Books,4,940,3760,Credit Card,2024-09-13
861,212,Shoes,Sports,5,1308,6540,Debit Card,2024-07-20
862,104,Novel,Books,2,3916,7832,Cash,2024-10-29
863,47,Laptop,Electronics,3,1543,4629,UPI,2024-03-04
864,197,Magazine,Books,3,898,2694,Credit Card,2024-09-25
865,172,Magazine,Books,4,559,2236,Credit Card,2024-03-28
866,158,Shirt,Clothing,2,620,1240,Debit Card,2024-08-02
867,104,Comics,Books,2,1163,2326,UPI,2024-03-08
868,256,Ball,Sports,1,3957,3957,UPI,2024-09-11
869,244,Ball,Sports,2,1976,3952,Cash,2024-10-28
870,281,Comics,Books,1,253,253,Debit Card,2024-05-05
871,95,Shoes,Sports,5,1900,9500,Credit Card,2024-01-26
872,17,Headphones,Electronics,3,500,1500,Debit Card,2024-03-15
873,92,Mixer,Home,1,1092,1092,Credit Card,2024-08-01
874,91,Lamp,Home,5,4888,24440,Cash,2024-10-14
875,166,Ball,Sports,1,962,962,Debit Card,2024-06-02
876,150,Novel,Books,4,4709,18836,Cash,2024-02-03
877,212,Shirt,Clothing,3,2896,8688,Credit Card,2024-09-26
878,271,Jacket,Clothing,1,1095,1095,UPI,2024-10-19
879,163,Magazine,Books,5,2552,12760,Debit Card,2024-08-06
880,289,Shoes,Sports,5,3098,15490,Cash,2024-03-07
881,120,Shoes,Sports,4,4234,16936,Debit Card,2024-04-02
882,61,Shirt,Clothing,1,396,396,Credit Card,2024-08-26
883,180,Ball,Sports,4,572,2288,Credit Card,2024-06-19
884,35,Headphones,Electronics,2,2507,5014,Debit Card,2024-05-10
885,59,Lamp,Home,5,2853,14265,Debit Card,2024-01-04
886,100,Chair,Home,5,438,2190,Debit Card,2024-03-30
887,70,Lamp,Home,4,4087,16348,Cash,2024-01-19
888,237,Jacket,Clothing,4,4598,18392,Cash,2024-06-20
889,162,Headphones,Electronics,3,4828,14484,UPI,2024-12-13
890,77,Jacket,Clothing,3,3096,9288,Debit Card,2024-02-03
891,293,Laptop,Electronics,4,4576,18304,Cash,2024-03-25
892,162,Jacket,Clothing,1,2725,2725,UPI,2024-12-27
893,191,Chair,Home,1,4271,4271,Cash,2024-05-01
894,58,Mixer,Home,5,2676,13380,Debit Card,2024-03-30
895,13,Phone,Electronics,1,3835,3835,Cash,2024-09-16
896,269,Bat,Sports,2,2986,5972,Debit Card,2024-09-04
897,68,Mixer,Home,1,4428,4428,Credit Card,2024-12-12
898,3,Laptop,Electronics,4,4479,17916,Debit Card,2024-02-29
899,240,Headphones,Electronics,5,913,4565,UPI,2024-06-19
900,160,Headphones,Electronics,3,384,1152,Credit Card,2024-10-22
901,273,Mixer,Home,2,2547,5094,Debit Card,2024-05-21
902,81,Magazine,Books,1,2433,2433,Debit Card,2024-03-17
903,53,Phone,Electronics,5,4784,23920,Credit Card,2024-09-20
904,73,Ball,Sports,5,2809,14045,Debit Card,2024-05-18
905,174,Bat,Sports,2,783,1566,Cash,2024-06-08
906,26,Phone,Electronics,1,4056,4056,UPI,2024-12-11
907,92,Novel,Books,1,3693,3693,Cash,2024-07-19
908,274,Ball,Sports,3,2922,8766,UPI,2024-04-11
909,240,Magazine,Books,2,961,1922,UPI,2024-12-23
910,115,Comics,Books,4,4054,16216,Credit Card,2024-04-28
911,170,Ball,Sports,3,3411,10233,Debit Card,2024-04-03
912,58,Comics,Books,1,735,735,Debit Card,2024-08-31
913,295,Comics,Books,2,2512,5024,Credit Card,2024-06-27
914,285,Bat,Sports,4,1076,4304,UPI,2024-06-15
915,212,Lamp,Home,4,3483,13932,Credit Card,2024-10-29
916,197,Bat,Sports,5,1502,7510,UPI,2024-09-03
917,291,Mixer,Home,5,3731,18655,Debit Card,2024-08-10
918,40,Shoes,Sports,2,1617,3234,Cash,2024-12-05
919,285,Headphones,Electronics,5,3992,19960,UPI,2024-06-15
920,56,Novel,Books,3,3524,10572,Cash,2024-02-05
921,72,Chair,Home,1,941,941,UPI,2024-04-21
922,150,Jacket,Clothing,2,3910,7820,Cash,2024-09-29
923,163,Shoes,Sports,4,1802,7208,Debit Card,2024-04-15
924,46,Shoes,Sports,3,3761,11283,UPI,2024-06-25
925,32,Shoes,Sports,4,1244,4976,Debit Card,2024-05-30
926,57,Bat,Sports,1,4787,4787,Debit Card,2024-07-02
927,163,Phone,Electronics,4,3429,13716,Cash,2024-11-16
928,89,Comics,Books,4,4665,18660,Cash,2024-04-18
929,214,Shirt,Clothing,5,3350,16750,Credit Card,2024-07-03
930,37,Lamp,Home,2,1300,2600,UPI,2024-01-06
931,44,Jacket,Clothing,4,3777,15108,Credit Card,2024-03-10
932,93,Comics,Books,5,3687,18435,Cash,2024-11-15
933,182,Ball,Sports,5,3886,19430,Credit Card,2024-07-15
934,256,Jeans,Clothing,5,260,1300,Credit Card,2024-10-22
935,188,Ball,Sports,4,4674,18696,UPI,2024-10-22
936,298,Headphones,Electronics,4,3219,12876,Cash,2024-02-27
937,265,Phone,Electronics,5,2489,12445,UPI,2024-08-26
938,40,Shoes,Sports,1,2208,2208,Debit Card,2024-08-29
939,241,Bat,Sports,3,4582,13746,Cash,2024-01-06
940,181,Ball,Sports,5,2915,14575,Debit Card,2024-08-03
941,134,Mixer,Home,1,2690,2690,UPI,2024-10-15
942,150,Magazine,Books,2,4892,9784,UPI,2024-01-27
943,40,Chair,Home,1,1238,1238,Debit Card,2024-09-15
944,132,Mixer,Home,5,2501,12505,UPI,2024-05-20
945,229,Headphones,Electronics,2,1438,2876,Debit Card,2024-12-03
946,271,Jeans,Clothing,2,4172,8344,UPI,2024-04-02
947,212,Mixer,Home,2,1462,2924,Cash,2024-09-10
948,296,Jacket,Clothing,4,1570,6280,Debit Card,2024-04-17
949,86,Headphones,Electronics,3,1150,3450,Cash,2024-01-27
950,120,Comics,Books,3,4101,12303,Cash,2024-09-29
951,223,Comics,Books,3,1389,4167,UPI,2024-09-28
952,22,Chair,Home,4,2786,11144,UPI,2024-09-28
953,140,Shoes,Sports,3,3737,11211,Debit Card,2024-11-08
954,300,Chair,Home,1,2291,2291,Cash,2024-12-01
955,173,Magazine,Books,2,1796,3592,Credit Card,2024-09-23
956,7,Lamp,Home,1,269,269,Cash,2024-02-04
957,113,Headphones,Electronics,1,3853,3853,Debit Card,2024-06-28
958,48,Mixer,Home,1,394,394,UPI,2024-11-13
959,62,Shoes,Sports,2,1197,2394,UPI,2024-12-28
960,57,Bat,Sports,4,4837,19348,Credit Card,2024-04-04
961,233,Chair,Home,4,820,3280,Debit Card,2024-11-23
962,38,Magazine,Books,3,2308,6924,Debit Card,2024-03-23
963,133,Laptop,Electronics,4,2925,11700,Debit Card,2024-01-31
964,202,Jeans,Clothing,1,4228,4228,Credit Card,2024-04-12
965,112,Novel,Books,2,4628,9256,UPI,2024-08-08
966,38,Magazine,Books,3,1046,3138,UPI,2024-01-18
967,255,Shoes,Sports,3,3852,11556,Credit Card,2024-01-10
968,169,Phone,Electronics,4,2382,9528,Cash,2024-03-18
969,224,Bat,Sports,5,4219,21095,Cash,2024-09-01
970,247,Headphones,Electronics,2,227,454,UPI,2024-07-15
971,156,Shoes,Sports,3,2931,8793,Cash,2024-12-15
972,175,Headphones,Electronics,1,3192,3192,UPI,2024-09-30
973,21,Comics,Books,2,1646,3292,Cash,2024-10-10
974,184,Jeans,Clothing,4,1074,4296,Cash,2024-11-18
975,19,Headphones,Electronics,4,1752,7008,Credit Card,2024-03-12
976,200,Headphones,Electronics,5,2153,10765,UPI,2024-09-07
977,231,Shoes,Sports,3,4293,12879,UPI,2024-09-30
978,208,Laptop,Electronics,1,2966,2966,UPI,2024-01-22
979,275,Jacket,Clothing,5,3954,19770,Credit Card,2024-12-13
980,251,Bat,Sports,1,502,502,UPI,2024-03-13
981,67,Magazine,Books,1,2188,2188,UPI,2024-12-25
982,234,Jacket,Clothing,1,2717,2717,Credit Card,2024-02-19
983,113,Bat,Sports,1,1135,1135,UPI,2024-09-11
984,62,Jeans,Clothing,3,3493,10479,Credit Card,2024-06-15
985,33,Mixer,Home,1,1620,1620,UPI,2024-06-20
986,190,Mixer,Home,4,1576,6304,Credit Card,2024-12-22
987,52,Novel,Books,5,533,2665,Cash,2024-03-09
988,4,Shirt,Clothing,4,861,3444,Credit Card,2024-01-04
989,244,Headphones,Electronics,5,2524,12620,Credit Card,2024-08-01
990,211,Shirt,Clothing,3,4485,13455,Credit Card,2024-08-18
991,46,Jacket,Clothing,1,1674,1674,Debit Card,2024-09-12
992,99,Chair,Home,1,4768,4768,UPI,2024-04-30
993,260,Bat,Sports,5,3164,15820,Credit Card,2024-10-03
994,100,Magazine,Books,2,2464,4928,UPI,2024-01-28
995,82,Jacket,Clothing,4,4275,17100,UPI,2024-03-31
996,223,Headphones,Electronics,3,2535,7605,Debit Card,2024-04-17
997,27,Lamp,Home,4,554,2216,Credit Card,2024-02-23
998,37,Shirt,Clothing,4,4418,17672,Credit Card,2024-02-29
999,102,Magazine,Books,5,2870,14350,Debit Card,2024-08-02
1000,122,Shirt,Clothing,3,2065,6195,Cash,2024-02-20
1001,300,Jeans,Clothing,2,802,1604,Cash,2024-08-29
1002,233,Laptop,Electronics,2,1970,3940,Credit Card,2024-11-08
1003,184,Comics,Books,2,3949,7898,Debit Card,2024-04-09
1004,292,Jeans,Clothing,2,462,924,UPI,2024-12-20
1005,215,Mixer,Home,1,4013,4013,Credit Card,2024-08-22
1006,88,Mixer,Home,3,1484,4452,Credit Card,2024-11-22
1007,243,Laptop,Electronics,5,4207,21035,Cash,2024-04-20
1008,168,Mixer,Home,4,2220,8880,Cash,2024-05-06
1009,3,Bat,Sports,5,1420,7100,Cash,2024-10-20
1010,218,Phone,Electronics,4,4330,17320,Cash,2024-01-18
1011,124,Magazine,Books,1,3906,3906,UPI,2024-09-10
1012,184,Bat,Sports,4,1985,7940,Debit Card,2024-03-08
1013,157,Jacket,Clothing,1,330,330,Credit Card,2024-09-02
1014,238,Magazine,Books,5,399,1995,Credit Card,2024-08-20
1015,1,Novel,Books,3,4003,12009,UPI,2024-12-26
1016,152,Magazine,Books,3,4549,13647,Cash,2024-01-17
1017,107,Lamp,Home,5,4643,23215,UPI,2024-10-21
1018,187,Ball,Sports,1,4416,4416,UPI,2024-12-11
1019,21,Laptop,Electronics,3,4012,12036,Debit Card,2024-11-12
1020,105,Mixer,Home,5,748,3740,Credit Card,2024-10-14
1021,245,Mixer,Home,5,1130,5650,Credit Card,2024-11-28
1022,217,Jeans,Clothing,3,2390,7170,Debit Card,2024-09-14
1023,249,Phone,Electronics,3,3028,9084,UPI,2024-08-19
1024,232,Magazine,Books,5,4565,22825,Debit Card,2024-05-29
1025,201,Phone,Electronics,4,915,3660,Credit Card,2024-02-11
1026,58,Mixer,Home,1,1549,1549,Credit Card,2024-05-21
1027,12,Novel,Books,2,4465,8930,Debit Card,2024-11-17
1028,178,Magazine,Books,5,1281,6405,Cash,2024-08-30
1029,33,Magazine,Books,1,2588,2588,UPI,2024-04-06
1030,176,Jacket,Clothing,3,3572,10716,Debit Card,2024-10-23
1031,235,Magazine,Books,5,4693,23465,Debit Card,2024-08-15
1032,117,Bat,Sports,3,1606,4818,Cash,2024-05-13
1033,146,Chair,Home,1,1415,1415,Cash,2024-06-29
1034,94,Jacket,Clothing,2,4585,9170,Credit Card,2024-05-26
1035,163,Shirt,Clothing,2,1157,2314,Credit Card,2024-01-22
1036,288,Comics,Books,3,1711,5133,UPI,2024-04-15
1037,277,Chair,Home,2,3254,6508,Credit Card,2024-08-17
1038,256,Ball,Sports,1,404,404,Credit Card,2024-07-26
1039,260,Comics,Books,2,235,470,Debit Card,2024-10-06
1040,76,Chair,Home,3,4899,14697,Cash,2024-12-07
1041,72,Lamp,Home,1,4123,4123,UPI,2024-01-21
1042,183,Mixer,Home,4,2005,8020,UPI,2024-08-16
1043,270,Mixer,Home,5,1798,8990,Credit Card,2024-10-25
1044,229,Mixer,Home,1,884,884,UPI,2024-10-02
1045,262,Ball,Sports,2,4217,8434,UPI,2024-06-11
1046,198,Chair,Home,2,3703,7406,Debit Card,2024-07-08
1047,229,Laptop,Electronics,3,3078,9234,UPI,2024-06-06
1048,148,Jacket,Clothing,4,3604,14416,Credit Card,2024-08-14
1049,45,Magazine,Books,4,1343,5372,Credit Card,2024-10-27
1050,34,Jeans,Clothing,4,4503,18012,Cash,2024-06-20
1051,90,Phone,Electronics,4,2439,9756,Cash,2024-07-31
1052,149,Bat,Sports,2,1723,3446,Cash,2024-07-14
1053,287,Laptop,Electronics,5,2689,13445,Cash,2024-09-09
1054,154,Shirt,Clothing,1,1461,1461,Cash,2024-05-14
1055,252,Headphones,Electronics,3,3617,10851,Credit Card,2024-04-01
1056,186,Phone,Electronics,3,4239,12717,Cash,2024-02-04
1057,62,Ball,Sports,3,4099,12297,Debit Card,2024-12-21
1058,84,Shoes,Sports,5,343,1715,UPI,2024-05-12
1059,84,Jeans,Clothing,4,1309,5236,UPI,2024-07-01
1060,149,Chair,Home,4,3116,12464,Debit Card,2024-01-25
1061,94,Shoes,Sports,1,4409,4409,UPI,2024-04-09
1062,155,Bat,Sports,5,2842,14210,Debit Card,2024-06-10
1063,74,Mixer,Home,5,4951,24755,UPI,2024-06-29
1064,211,Jacket,Clothing,3,3255,9765,Debit Card,2024-09-05
1065,114,Shirt,Clothing,2,1466,2932,Credit Card,2024-09-14
1066,283,Shoes,Sports,5,4558,22790,UPI,2024-12-30
1067,9,Comics,Books,1,1154,1154,Cash,2024-03-08
1068,268,Chair,Home,3,1338,4014,Debit Card,2024-08-14
1069,114,Jacket,Clothing,3,435,1305,Credit Card,2024-03-01
1070,108,Jacket,Clothing,2,2718,5436,Credit Card,2024-03-05
1071,248,Laptop,Electronics,1,836,836,Cash,2024-01-10
1072,263,Phone,Electronics,1,468,468,UPI,2024-12-03
1073,155,Novel,Books,3,554,1662,UPI,2024-02-03
1074,103,Phone,Electronics,5,1882,9410,Credit Card,2024-10-27
1075,297,Mixer,Home,1,1392,1392,Debit Card,2024-05-22
1076,292,Mixer,Home,5,2181,10905,UPI,2024-09-15
1077,99,Headphones,Electronics,1,4532,4532,Debit Card,2024-04-21
1078,259,Jacket,Clothing,1,1008,1008,Cash,2024-04-19
1079,55,Lamp,Home,5,1716,8580,Credit Card,2024-08-13
1080,117,Chair,Home,4,1955,7820,Cash,2024-09-20
1081,267,Laptop,Electronics,1,4016,4016,Credit Card,2024-02-26
1082,43,Comics,Books,3,4764,14292,Debit Card,2024-01-21
1083,160,Novel,Books,4,2523,10092,Cash,2024-08-21
1084,97,Jacket,Clothing,4,2580,10320,UPI,2024-08-07
1085,252,Magazine,Books,3,1668,5004,UPI,2024-01-07
1086,74,Comics,Books,5,896,4480,Cash,2024-03-02
1087,34,Magazine,Books,5,1033,5165,Debit Card,2024-03-27
1088,120,Jeans,Clothing,2,3511,7022,Cash,2024-03-03
1089,205,Comics,Books,5,2436,12180,Debit Card,2024-11-25
1090,262,Magazine,Books,5,3513,17565,Debit Card,2024-09-05
1091,251,Jeans,Clothing,1,1200,1200,Cash,2024-05-08
1092,28,Jacket,Clothing,2,443,886,UPI,2024-02-20
1093,168,Magazine,Books,1,1667,1667,Credit Card,2024-07-14
1094,267,Lamp,Home,5,989,4945,Cash,2024-02-09
1095,259,Novel,Books,3,4278,12834,Debit Card,2024-09-08
1096,17,Ball,Sports,5,4677,23385,Cash,2024-01-10
1097,227,Laptop,Electronics,4,2776,11104,Cash,2024-07-11
1098,156,Phone,Electronics,2,4760,9520,Credit Card,2024-12-03
1099,250,Comics,Books,2,2759,5518,UPI,2024-07-18
1100,277,Shoes,Sports,4,4736,18944,Cash,2024-12-16
1101,201,Magazine,Books,2,4350,8700,Debit Card,2024-01-29
1102,165,Magazine,Books,4,3089,12356,UPI,2024-05-25
1103,179,Headphones,Electronics,1,1250,1250,UPI,2024-07-06
1104,183,Chair,Home,1,3707,3707,Cash,2024-06-25
1105,160,Mixer,Home,2,2228,4456,UPI,2024-04-30
1106,11,Laptop,Electronics,1,2965,2965,Debit Card,2024-03-27
1107,216,Laptop,Electronics,4,4853,19412,Debit Card,2024-09-20
1108,194,Headphones,Electronics,4,382,1528,Cash,2024-06-11
1109,106,Lamp,Home,1,4200,4200,Debit Card,2024-02-21
1110,154,Magazine,Books,3,1565,4695,Debit Card,2024-11-10
1111,110,Novel,Books,4,817,3268,Debit Card,2024-10-01
1112,116,Mixer,Home,3,4898,14694,UPI,2024-07-24
1113,35,Bat,Sports,5,2959,14795,Cash,2024-05-19
1114,155,Novel,Books,3,828,2484,Debit Card,2024-11-29
1115,213,Magazine,Books,5,2766,13830,Cash,2024-04-12
1116,281,Lamp,Home,5,3912,19560,Credit Card,2024-12-09
1117,256,Headphones,Electronics,5,1728,8640,Credit Card,2024-10-22
1118,31,Comics,Books,5,3753,18765,Credit Card,2024-10-16
1119,154,Chair,Home,2,2169,4338,Cash,2024-03-18
1120,137,Comics,Books,1,1867,1867,Debit Card,2024-07-30
1121,123,Jeans,Clothing,5,2134,10670,UPI,2024-07-26
1122,238,Shirt,Clothing,1,2211,2211,Cash,2024-06-07
1123,82,Ball,Sports,4,503,2012,Debit Card,2024-04-13
1124,282,Shirt,Clothing,3,2475,7425,Credit Card,2024-12-03
1125,43,Headphones,Electronics,4,363,1452,Debit Card,2024-01-29
1126,47,Ball,Sports,1,3534,3534,Cash,2024-07-05
1127,62,Shirt,Clothing,1,4877,4877,Debit Card,2024-09-13
1128,169,Novel,Books,2,1201,2402,Cash,2024-06-09
1129,90,Jeans,Clothing,2,1381,2762,Credit Card,2024-02-24
1130,29,Chair,Home,4,2283,9132,Cash,2024-10-28
1131,217,Ball,Sports,1,2792,2792,Cash,2024-10-06
1132,189,Jeans,Clothing,2,3173,6346,Debit Card,2024-08-31
1133,28,Headphones,Electronics,5,485,2425,Credit Card,2024-12-05
1134,186,Lamp,Home,4,2733,10932,UPI,2024-11-23
1135,202,Bat,Sports,4,3382,13528,Debit Card,2024-01-05
1136,83,Mixer,Home,2,2636,5272,Cash,2024-04-17
1137,42,Lamp,Home,4,477,1908,Cash,2024-05-20
1138,52,Magazine,Books,4,2925,11700,Credit Card,2024-08-04
1139,281,Lamp,Home,1,3082,3082,Debit Card,2024-08-03
1140,95,Magazine,Books,1,626,626,Cash,2024-11-24
1141,157,Shirt,Clothing,4,1839,7356,Debit Card,2024-11-17
1142,265,Bat,Sports,1,1492,1492,Credit Card,2024-05-07
1143,245,Shoes,Sports,4,2816,11264,Credit Card,2024-08-19
1144,102,Mixer,Home,5,2883,14415,UPI,2024-05-24
1145,293,Comics,Books,2,3423,6846,Credit Card,2024-07-12
1146,237,Phone,Electronics,5,2073,10365,Credit Card,2024-02-15
1147,220,Lamp,Home,2,607,1214,Debit Card,2024-07-24
1148,61,Shirt,Clothing,3,1593,4779,UPI,2024-10-17
1149,115,Ball,Sports,4,4248,16992,Credit Card,2024-03-01
1150,67,Jeans,Clothing,3,4248,12744,Cash,2024-07-14
1151,97,Jacket,Clothing,2,2518,5036,Cash,2024-12-12
1152,135,Jeans,Clothing,2,435,870,Credit Card,2024-05-28
1153,235,Ball,Sports,2,3228,6456,UPI,2024-10-25
1154,204,Laptop,Electronics,2,2848,5696,Credit Card,2024-12-20
1155,49,Magazine,Books,4,2299,9196,UPI,2024-02-07
1156,24,Laptop,Electronics,2,4057,8114,UPI,2024-06-30
1157,203,Lamp,Home,5,3320,16600,Debit Card,2024-06-03
1158,134,Jacket,Clothing,1,4955,4955,Credit Card,2024-04-01
1159,46,Ball,Sports,3,4034,12102,Debit Card,2024-03-08
1160,161,Ball,Sports,2,2333,4666,UPI,2024-02-29
1161,145,Jeans,Clothing,3,3153,9459,Debit Card,2024-08-08
1162,85,Ball,Sports,5,2764,13820,Debit Card,2024-08-11
1163,97,Novel,Books,5,3804,19020,Credit Card,2024-01-28
1164,134,Phone,Electronics,2,493,986,Credit Card,2024-08-28
1165,227,Comics,Books,1,4254,4254,Debit Card,2024-01-21
1166,76,Ball,Sports,4,4238,16952,UPI,2024-02-27
1167,87,Mixer,Home,2,2527,5054,Debit Card,2024-04-02
1168,3,Shoes,Sports,5,1939,9695,Credit Card,2024-10-25
1169,49,Novel,Books,2,4280,8560,Debit Card,2024-12-12
1170,55,Laptop,Electronics,1,3429,3429,Debit Card,2024-07-10
1171,246,Shirt,Clothing,1,3970,3970,Cash,2024-12-28
1172,232,Lamp,Home,1,2898,2898,Debit Card,2024-01-23
1173,145,Bat,Sports,2,598,1196,Debit Card,2024-11-25
1174,196,Headphones,Electronics,1,4682,4682,UPI,2024-11-04
1175,46,Comics,Books,2,2166,4332,UPI,2024-07-23
1176,79,Shirt,Clothing,4,3496,13984,UPI,2024-05-25
1177,68,Chair,Home,4,2740,10960,Debit Card,2024-12-16
1178,229,Laptop,Electronics,5,1837,9185,Cash,2024-09-07
1179,217,Comics,Books,5,3665,18325,Debit Card,2024-02-16
1180,21,Bat,Sports,4,3689,14756,Debit Card,2024-02-17
1181,270,Magazine,Books,2,1470,2940,UPI,2024-09-10
1182,154,Chair,Home,4,848,3392,Credit Card,2024-09-01
1183,219,Jacket,Clothing,3,2236,6708,Debit Card,2024-09-24
1184,263,Bat,Sports,5,826,4130,UPI,2024-01-24
1185,292,Ball,Sports,4,974,3896,Debit Card,2024-08-25
1186,9,Chair,Home,5,869,4345,UPI,2024-09-14
1187,43,Novel,Books,2,3419,6838,Cash,2024-01-24
1188,231,Chair,Home,5,3927,19635,Debit Card,2024-12-09
1189,133,Mixer,Home,2,1716,3432,UPI,2024-02-10
1190,60,Magazine,Books,1,247,247,UPI,2024-07-21
1191,208,Jacket,Clothing,4,3969,15876,Cash,2024-12-20
1192,203,Lamp,Home,5,3155,15775,Debit Card,2024-12-19
1193,58,Phone,Electronics,2,313,626,UPI,2024-04-07
1194,75,Shirt,Clothing,2,4141,8282,Credit Card,2024-11-28
1195,155,Magazine,Books,5,1763,8815,Cash,2024-02-14
1196,86,Jeans,Clothing,4,378,1512,Credit Card,2024-02-29
1197,300,Comics,Books,4,360,1440,Credit Card,2024-08-18
1198,171,Jeans,Clothing,5,3409,17045,UPI,2024-01-27
1199,297,Headphones,Electronics,4,3605,14420,Debit Card,2024-09-10
1200,250,Laptop,Electronics,4,4182,16728,Credit Card,2024-09-19
